{
  "0": {
    "members": [],
    "centroid": [
      0.08348388402329744,
      0.37765282751500145,
      0.24800688612229152,
      0.19999760334236477,
      0.3607398179921263,
      0.11110469786687373,
      0.5077857138148097,
      0.001293595779005452
    ],
    "size": 0
  },
  "1": {
    "members": [
      "pattern_0",
      "pattern_1",
      "pattern_2",
      "pattern_3",
      "pattern_4",
      "pattern_5",
      "pattern_6",
      "pattern_7",
      "pattern_8",
      "pattern_9",
      "pattern_10",
      "pattern_11",
      "pattern_12",
      "pattern_13",
      "pattern_14",
      "pattern_15",
      "pattern_16",
      "pattern_17",
      "pattern_18",
      "pattern_19",
      "pattern_20",
      "pattern_21",
      "pattern_22",
      "pattern_23",
      "pattern_25",
      "pattern_26",
      "pattern_27",
      "pattern_28",
      "pattern_29",
      "pattern_30",
      "pattern_31",
      "pattern_34",
      "pattern_36",
      "pattern_37",
      "pattern_38",
      "pattern_39",
      "pattern_40",
      "pattern_42",
      "pattern_43",
      "pattern_45",
      "pattern_46",
      "pattern_47",
      "pattern_48",
      "pattern_49"
    ],
    "centroid": [
      0.08289794026199872,
      0.3739942367515999,
      0.25219632274345843,
      0.19995913193543657,
      0.5721987053445359,
      0.6540265330644434,
      0.7526890425371231,
      0.8237608134873344
    ],
    "size": 44
  },
  "2": {
    "members": [
      "pattern_33"
    ],
    "centroid": [
      0.08263507351648801,
      0.37316200176799397,
      0.23803199679638853,
      0.20000000068566404,
      0.5977988134584123,
      0.6505601999610265,
      0.7598720318800282,
      0.03298430020659626
    ],
    "size": 1
  },
  "3": {
    "members": [
      "pattern_41"
    ],
    "centroid": [
      0.08312259978796975,
      0.3826581142938818,
      0.24722599684447139,
      0.19999990927060887,
      0.6574568942172423,
      0.6268121042871971,
      0.1363864273686699,
      0.2177209606036256
    ],
    "size": 1
  },
  "4": {
    "members": [
      "pattern_32",
      "pattern_44"
    ],
    "centroid": [
      0.08350177049887411,
      0.37874582307960947,
      0.2583737918294243,
      0.2000001936368282,
      0.862429121444343,
      0.7965062862336965,
      0.6780952720035156,
      0.8395412282690475
    ],
    "size": 2
  },
  "5": {
    "members": [
      "pattern_24"
    ],
    "centroid": [
      0.08285578983218043,
      0.3712936939685558,
      0.25257353893161155,
      0.200002240523725,
      0.1442979526824459,
      0.8593954534010292,
      0.626733540934113,
      0.7093710519480477
    ],
    "size": 1
  },
  "6": {
    "members": [
      "pattern_35"
    ],
    "centroid": [
      0.08122153214886764,
      0.3704724637629677,
      0.25380709094413173,
      0.19999762270671634,
      0.43442088979238147,
      0.6111046978668737,
      0.47175808236077726,
      0.5012935957790055
    ],
    "size": 1
  }
}